id,created_at,favorite_count,retweet_count,text
1473914193527070770,2021-12-23 07:11:42+00:00,25496,4902,@BillyM2k @jack @gladstein @rahilla @farokh @samkazemian @TheSmarmyBum @ethereum That‚Äôs why I‚Äôm pro Doge
1471583489824808972,2021-12-16 20:50:19+00:00,10549,493,@BTC_Archive @SenSanders Is there anything more tragic than unrequited love?
1470703708677840896,2021-12-14 10:34:23+00:00,363725,52757,Tesla will make some merch buyable with Doge &amp; see how it goes
1470465831775739908,2021-12-13 18:49:08+00:00,1488,71,"@DOGEHOUNDS @HardcoreHistory Overall kill ratio was 19:1, but kill ratio against the Zero was 13:1"
1469384135198363651,2021-12-10 19:10:52+00:00,4571,353,@GailAlfarATX @SawyerMerritt @dogecoin Imbued gold/bronze color would be sick
1469039017790525442,2021-12-09 20:19:29+00:00,4577,249,@BillyM2k @TheCryptoCPA üò¨
1468687890376970257,2021-12-08 21:04:14+00:00,5884,738,"@WatcherGuru Taxing all billionaires at 100% only drops national debt by ~10%, which is just one year of deficit spending"
1468055581277708295,2021-12-07 03:11:40+00:00,12914,752,"@stocktalkweekly @neuralink I am definitely not saying that we can for sure do this, but I am increasingly confident that it is possible"
1467336798019928066,2021-12-05 03:35:29+00:00,27722,3838,@BillyM2k NFTs are jpeging the dollar
1464000520616558592,2021-11-25 22:38:18+00:00,15402,474,@GailAlfarATX @SpaceX @RGVaerialphotos @cnunezimages @kanyewest @SciGuySpace @Erdayastronaut @dogecoin @BillyM2k @austinbarnard45 @NASA Absolutely!
1463682669372481543,2021-11-25 01:35:16+00:00,6201,634,@BillyM2k @WSBChairman @joannabanananaa @dogeofficialceo @GailAlfarATX @Kristennetten @greg16676935420 @StonksReddit @mishaboar @DogecoinNorway @suchHODL üî•üî•
1463193267336581122,2021-11-23 17:10:34+00:00,19883,2486,"@cz_binance @CoinDesk @binance @egreechee I don‚Äôt use Binance (tried at one point, but signup was too many hoops to jump through), so no inconvenience to me personally. Just raising this issue on behalf of other Doge holders."
1463096278171148290,2021-11-23 10:45:10+00:00,22427,3487,@binance @CoinDesk @egreechee @cz_binance Doge holders using Binance should be protected from errors that are not their fault
1463085111600205825,2021-11-23 10:00:48+00:00,25684,4131,"@CoinDesk @binance @egreechee Hey @cz_binance, what‚Äôs going on with your Doge customers? Sounds shady."
1461942451053252612,2021-11-20 06:20:16+00:00,42646,6039,@WSBChairman Bitcoin cures cancer
1460296169184186370,2021-11-15 17:18:32+00:00,5446,402,"@dogeofficialceo @daelmor @SenSanders Regretamine, it‚Äôs like a 100% tax on all your regrets!"
1456633987808563207,2021-11-05 14:46:20+00:00,4327,227,@dogeofficialceo @BillyM2k ü§£
1455634905870786564,2021-11-02 20:36:20+00:00,26089,4850,@BillyM2k How about my lil doge Floki? He would make a great CEO! His judgment is ü§å.
1455244610310131718,2021-11-01 18:45:26+00:00,20304,3023,"@BillyM2k - Everything on the Internet is true!
- Externalize responsibility!
- If you are able to do this, buy crypto!"
1455211115185647631,2021-11-01 16:32:21+00:00,7427,342,@dogeofficialceo @Forbes ü§£
1454920409212669954,2021-10-31 21:17:11+00:00,28082,1596,"@SawyerMerritt @Tesla By definition, since I own ~20% of Tesla, ~80% of stock gains necessarily went to investors &amp; employees!"
1454876031232380928,2021-10-31 18:20:50+00:00,245016,22743,Tuition is in Dogecoin &amp; u get a discount if u have a dog
1453918742723928066,2021-10-29 02:56:55+00:00,24443,1150,@SawyerMerritt We basically stole our product roadmap from Spaceballs
1453500909120544774,2021-10-27 23:16:36+00:00,4181,201,@dogeofficialceo @wapodavenport ü§£
1453479688832180228,2021-10-27 21:52:16+00:00,35132,7309,"@wapodavenport US national debt is ~$28,900 billion or ~$229k per taxpayer.

Even taxing all ‚Äúbillionaires‚Äù at 100% would only make a small dent in that number, so obviously the rest must come from the general public. This is basic math.

Spending is the real problem.

https://t.co/1EwWyqdVsT"
1453418189862342660,2021-10-27 17:47:54+00:00,47737,6370,"@BillyM2k If I send you 2 Doge, will you promise to send me 1 Doge?"
1452538592845258753,2021-10-25 07:32:42+00:00,8421,646,@CryptoWhale Sclerotic democracy
1452348126753349640,2021-10-24 18:55:51+00:00,33738,7326,@ProTheDoge Lots of people I talked to on the production lines at Tesla or building rockets at SpaceX own Doge. They aren‚Äôt financial experts or Silicon Valley technologists. That‚Äôs why I decided to support Doge ‚Äì it felt like the people‚Äôs crypto.
1452334458066149377,2021-10-24 18:01:32+00:00,36833,6361,"@Filasophical @ShibaInuHodler Out of curiosity, I acquired some ascii hash strings called ‚ÄúBitcoin, Ethereum &amp; Doge‚Äù. That‚Äôs it. 

As I‚Äôve said before, don‚Äôt bet the farm on crypto! True value is building products &amp; providing services to your fellow human beings, not money in any form."
1452332676929761282,2021-10-24 17:54:27+00:00,8877,1214,@BillyM2k @TeslaGong @mishaboar @DogecoinFdn üíØ
1452332044743323654,2021-10-24 17:51:57+00:00,5484,786,"@itsALLrisky @TeslaGong @mishaboar @DogecoinFdn Possibly. Bitcoin was conceived at a time of relatively low bandwidth &amp; high latency. If both continue to improve substantially, we will reach a point when no second layer is needed."
1452328592810160134,2021-10-24 17:38:14+00:00,3569,588,"@TeslaGong @mishaboar @DogecoinFdn Not recently. What matters imo is lowering fees, decreasing block time &amp; increasing block size. A single layer network with exchanges as de facto layer 2 seems like the simplest solution for a medium of exchange."
1452185979431833601,2021-10-24 08:11:32+00:00,17568,1389,@BillyM2k Plus crypto scams haha
1452074589257883654,2021-10-24 00:48:54+00:00,5135,499,"@mishaboar @DogecoinFdn Neither Jared, nor me, nor anyone I know has anything to do with this foundation"
1451623475978833927,2021-10-22 18:56:21+00:00,58794,10899,@UberFacts *In Dogecoin
1446124536978546692,2021-10-07 14:45:31+00:00,3592,178,@johnkrausphotos Definitely further refinements coming to (early beta) safety test score. It will be refined continuously until it is an extremely good predictor of crash probability. Exciting actuarial problem!
1442953321560510467,2021-09-28 20:44:15+00:00,2331,132,@NewFolderF @dogeofficialceo @BillyM2k ü§£
1440780474662543370,2021-09-22 20:50:08+00:00,24207,4204,@BillyM2k Super important for Doge fees to drop to make things like buying movie tix viable
1440169571466371073,2021-09-21 04:22:37+00:00,3745,169,@TeslaOwnersEBay @TeslaGong @inspiration4x Definitely upgraded toilets :) We had some challenges with it this flight.
1439308731913748488,2021-09-18 19:21:57+00:00,4189,181,@BryceSpaceTech Still basically nothing compared to the orbital mass flux needed for a base on moon or Mars
1439194394649837568,2021-09-18 11:47:37+00:00,1977,87,"@WatchersTank @SpaceX With that, Ship is basically begging for an extra 3 engines"
1437267981889937415,2021-09-13 04:12:44+00:00,3164,316,@Dogeshade Deep
1437168697324576771,2021-09-12 21:38:13+00:00,3732,146,@dogeofficialceo @WholeMarsBlog @POTUS ü§£
1437164571467390980,2021-09-12 21:21:49+00:00,2258,75,@SirWoofOfDoge @WholeMarsBlog ü§£ü§£
1433823519146577920,2021-09-03 16:05:40+00:00,3152,200,"@truth_tesla @LimitingThe Yes. 

Physics of large cells means distance from cooling loop to center of cell is high, so harder to prevent hotspots.

Then, pressure &amp; heat released from large cell in weak bag make it impossible to stop whole pack from burning.

Pretty basic."
1433481968692305963,2021-09-02 17:28:28+00:00,11739,2361,"@dogecoin_devs Good progress. Applying information theory to currency (which is just information), lower fees reduce noise &amp; faster &amp; more consistent sync time improve latency &amp; jitter."
1432152871756238850,2021-08-30 01:27:07+00:00,16086,1743,@TDogewhisperer Important
1429923740607909912,2021-08-23 21:49:21+00:00,12684,1497,@OptimoPrincipi Ancient Doges
1429896986405195810,2021-08-23 20:03:02+00:00,3783,251,@28delayslater @PPathole @SpaceX It‚Äôs basically the plot of Fallout: New Vegas
1423780661639344131,2021-08-06 22:58:56+00:00,33731,5505,"@brian_armstrong @MarkWarner Agreed, this is not the time to pick technology winners or losers in cryptocurrency technology. There is no crisis that compels hasty legislation."
1421575127846764548,2021-07-31 20:54:56+00:00,1738,66,@doge_southern @truth_tesla @ConsumerReports They do
1421323838651043841,2021-07-31 04:16:24+00:00,2052,98,"@doge_southern @markgurman @tim_cook Yeah, Liftoff is solid"
1421209433519050760,2021-07-30 20:41:48+00:00,4529,408,"@WholeMarsBlog Normally, competitive pressure would force Apple to lower fees, but Apple &amp; Android have a duopoly on phones. When interface familiarity is taken into account, it‚Äôs basically a monopoly. 

The effective 30% sales tax Apple charges is hidden from users or there would be an outcry."
1420529868404518913,2021-07-28 23:41:27+00:00,25904,1352,"@heydave7 We don‚Äôt have that many Bitcoin, but it‚Äôs close"
1417207016519454724,2021-07-19 19:37:37+00:00,12985,623,"@jack @BitcoinMagazine @CathieDWood Sure, I have a ton"
1417204066552205332,2021-07-19 19:25:54+00:00,10609,842,"@BitcoinMagazine @jack @CathieDWood During this talk, we will sing a cover of The Final Countdown by Europe https://t.co/7YUXiW8dhd"
1416441034469527556,2021-07-17 16:53:53+00:00,14849,2802,@AshleyIllusion1 @lexfridman Lil X is hodling his Doge like a champ. Literally never said the word ‚Äúsell‚Äù even once!
1416284907299647489,2021-07-17 06:33:29+00:00,1760,156,"@TonyTesla4Life @WholeMarsBlog Wide beta maybe with FSD rev 10, definitely with rev 11"
1415782123298902019,2021-07-15 21:15:36+00:00,5181,335,"@FrenchieEAP @karpathy FSD beta 9 is using the pure vision production code for highway driving. Beta 10 hopefully (Beta 11 definitely) will use one stack to rule them all ‚Äì city streets, highway &amp; complex parking lots."
1415480145830465539,2021-07-15 01:15:39+00:00,16666,792,"@crheller @SpaceX Glad it‚Äôs working! The sheer amount of work done by SpaceX engineering, production &amp; launch teams is amazing. 

Ping should improve dramatically in coming months. We‚Äôre aiming for &lt;20ms. Basically, you should be able to play competitive FPS games through Starlink."
1415367838152511489,2021-07-14 17:49:23+00:00,4641,577,@doge_southern @SamTwits @TeslaOwnersEBay @Kristennetten @RationalEtienne @EvaFoxU @JohnnaCrider1 @TeslaChillMode @CodingMark @Model3Owners @WholeMarsBlog @AustinTeslaClub Next baby will be a girl
1415367598523486217,2021-07-14 17:48:26+00:00,1968,131,@doge_southern @SamTwits @TeslaOwnersEBay @Kristennetten @RationalEtienne @EvaFoxU @JohnnaCrider1 @TeslaChillMode @CodingMark @Model3Owners @WholeMarsBlog @AustinTeslaClub Me too!
1415092143207731205,2021-07-13 23:33:52+00:00,3469,293,@bluewalletio Any money transmitter or other licenses needed to use this in USA?
1414776079789797376,2021-07-13 02:37:57+00:00,144152,9396,"Loki is pretty good. Basically, live-action @RickandMorty with a long romance ark."
1414775056350208001,2021-07-13 02:33:53+00:00,9842,534,@dogeofficialceo ü§£
1414774945335361548,2021-07-13 02:33:26+00:00,22060,3885,"@CGDaveMac Maybe if it sees a Shiba Inu, the car renders a Dogecoin ‚Ä¶"
1413396249546563586,2021-07-09 07:15:00+00:00,26917,6534,"@MattWallace888 BTC &amp; ETH are pursuing a multilayer transaction system, but base layer transaction rate is slow &amp; transaction cost is high.

There is merit imo to Doge maximizing base layer transaction rate &amp; minimizing transaction cost with exchanges acting as the de facto secondary layer."
1413265310053019649,2021-07-08 22:34:41+00:00,1859,141,@dogeofficialceo @newscientist Kinda true
1413264714247909378,2021-07-08 22:32:19+00:00,2026,198,@dogeofficialceo @newscientist ü§£ü§£
1411798501923508227,2021-07-04 21:26:07+00:00,2504,178,"@thejackbeyer @MarcusHouse @artzius Center engines on ship will be same as booster engines. This is basically Raptor 2.

Raptor Vacuum would be only variant. Tbd as to whether to commonize R-Vac with Raptor 2 (more thrust), keep same or tighten throat (more Isp). 

Adding 3 more R-Vac to ship with max Isp maybe ‚Ä¶"
1411280212470366213,2021-07-03 11:06:37+00:00,17276,1135,"@BLKMDL3 Haha, FSD 9 beta is shipping soon, I swear!

Generalized self-driving is a hard problem, as it requires solving a large part of real-world AI. Didn‚Äôt expect it to be so hard, but the difficulty is obvious in retrospect.

Nothing has more degrees of freedom than reality."
1410949616992882695,2021-07-02 13:12:57+00:00,3772,198,"@PPathole @CarlosV_Resiste @pcgamer Yeah, main story line is not that long. Played at max difficulty, no aim assist, so didn‚Äôt softball it. Razor fight was insanely difficult."
1410797794630070278,2021-07-02 03:09:40+00:00,16809,3415,@RenataKonkoly @thesheetztweetz @rookisaacman @johnkrausphotos @wapodavenport @blueorigin But can I pay in Doge?
1410537178762027009,2021-07-01 09:54:04+00:00,2151,103,"@LifeboatHQ Doubling diameter increases mass 4X, but difficulty of simultaneously building &amp; launching rocket of that size is &gt;&gt;4X. 

In retrospect, &lt;9m diameter for Starship might have been wise. Current size is ~5200 ton stack mass &amp; ~7500 ton-F thrust, which is more than double Saturn V."
1410529698497630212,2021-07-01 09:24:21+00:00,278813,46793,"Baby Doge, doo, doo, doo, doo, doo,
Baby Doge, doo, doo, doo, doo, doo,
Baby Doge, doo, doo, doo, doo, doo,
Baby Doge"
1410519466518233089,2021-07-01 08:43:41+00:00,130166,16279,Release the Doge! https://t.co/9bXCWQLIhu
1410510912780337154,2021-07-01 08:09:42+00:00,3400,302,"@michilumin Sorry for any confusion. Dojo is a neural network training computer optimized for video (for self-driving). 

Unless there is a predictable pattern to hashing Scrypt (which we will not attempt to find), it will not be competitive with ASIC-based hashing. 

Potatoes are delicious!"
1410409089985810434,2021-07-01 01:25:05+00:00,5646,913,"@dogeofficialceo @torybruno @ChadBowman0 @thesheetztweetz Yeah, but dogz r≈´l"
1410320590595055621,2021-06-30 19:33:25+00:00,9653,334,@PPathole @Tesla @SpaceX Basic MRI is easier than it sounds good tbh. High resolution MRI in short time with weak magnetic field is hard.
1408382877478363137,2021-06-25 11:13:39+00:00,11098,901,@DogecoinRise Starship Super Heavy
1408257232765083654,2021-06-25 02:54:23+00:00,5190,250,"@newscientist @IBJIYONGI Basically, just a footnote"
1408246534093918210,2021-06-25 02:11:52+00:00,60106,2971,‚ÄúThat‚Äôs not funny!‚Äù ‚Äì Bitcoin maxis
1408246196603346947,2021-06-25 02:10:31+00:00,99871,7935,How many Bitcoin maxis does it take to screw in a lightbulb?
1408244494567456769,2021-06-25 02:03:46+00:00,7804,760,@jack Oh right ‚Ä¶ Bitcoin haha
1408243632445050887,2021-06-25 02:00:20+00:00,6538,681,@hiddin2urleft @ItsDogeCoin @Investments_CEO @MemeInvestors @Dogecoinxx @greg16676935420 @blockfolio @dogeofficialceo @DogeEducation @DogecoinTweet #gravitas
1405482221666852871,2021-06-17 11:07:28+00:00,10450,843,@BitcoinMagazine @jespow Based on what data?
1404132183254523905,2021-06-13 17:42:54+00:00,53890,10615,"@Cointelegraph This is inaccurate. Tesla only sold ~10% of holdings to confirm BTC could be liquidated easily without moving market.

When there‚Äôs confirmation of reasonable (~50%) clean energy usage by miners with positive future trend, Tesla will resume allowing Bitcoin transactions."
1404130459924135944,2021-06-13 17:36:03+00:00,8473,782,"@ajtourville The Plaid carbon-wrapped motor is arguably the most advanced motor on Earth outside of maybe a lab somewhere. We have to keep some secrets! 

We have a few ideas for increasing torque &amp; max rpm even further for new Roadster. Definitely fun &amp; exciting engineering ahead!"
1402719056508059649,2021-06-09 20:07:38+00:00,12509,1449,"@dogeofficialceo @MattWallace888 Now that I have made some improvements, I‚Äôm pretty sure it‚Äôs worth $69k haha"
1401662959923994625,2021-06-06 22:11:05+00:00,23168,3281,@BTCTN A new space race has begun!
1401091921746006017,2021-06-05 08:21:59+00:00,24330,3229,@lexfridman @VitalikButerin @ethereum @Bitcoin @dogecoin @ShibainuCoin @IOHK_Charles @Cardano @chainlink @0xPolygon I pretty much agree with Vitalik
1401081730832945154,2021-06-05 07:41:30+00:00,10918,849,@CryptoWhale üëÜ
1400685648001081352,2021-06-04 05:27:36+00:00,10036,892,@ItsDogeCoin @RTHowell Haf yu sin mi danz?
1400669324457693186,2021-06-04 04:22:44+00:00,11053,933,@CryptoWhale Great thread ü§£
1400632134805639169,2021-06-04 01:54:58+00:00,9713,903,@JRNYcrypto Needs laser eyes too
1400622483989008384,2021-06-04 01:16:37+00:00,17550,777,@JRNYcrypto ü§£ü§£
1400620080090730501,2021-06-04 01:07:04+00:00,213541,21717,#Bitcoin üíî https://t.co/lNnEfMdtJf
1399877001398439939,2021-06-01 23:54:20+00:00,12692,1838,@dogeofficialceo @SouthPark When I visit Japan later this year
1399602277002919937,2021-06-01 05:42:40+00:00,8440,500,@DocumentingBTC Nice
1399114511202852871,2021-05-30 21:24:28+00:00,37119,2037,@hiddin2urleft @greg16676935420 @blockfolio @BillyM2k @itsALLrisky @GloryDoge @DogecoinRise @ItsDogeCoin @DogeEducation @Investments_CEO ü§£ü§£
1398513516106203138,2021-05-29 05:36:20+00:00,3845,378,"@TeslaNY Basically, our entire product roadmap is from Spaceballs ü§£ü§£"
1398128808515932161,2021-05-28 04:07:38+00:00,13715,1322,@TDogewhisperer @spair @itsALLrisky @mcuban ü§£ü§£
1397626694609956864,2021-05-26 18:52:25+00:00,8474,315,@BTC_Archive ü§£ü§£
1397285556954877953,2021-05-25 20:16:51+00:00,33054,4250,"@itsALLrisky Please note Dogecoin has no formal organization &amp; no one reports to me, so my ability to take action is limited"
1397064185222078467,2021-05-25 05:37:12+00:00,49399,8048,"@heydave7 @dogecoin_devs Doge has dogs &amp; memes, whereas the others do not"
1396926365996261382,2021-05-24 20:29:33+00:00,129931,11987,"Someone suggested changing Dogecoin fees based on phases of the moon, which is pretty awesome haha"
1396916392629137409,2021-05-24 19:49:56+00:00,190684,32336,"If you‚Äôd like to help develop Doge, please submit ideas on GitHub &amp; https://t.co/liAPQMFaQB @dogecoin_devs"
1396914548167233537,2021-05-24 19:42:36+00:00,323966,37401,Spoke with North American Bitcoin miners. They committed to publish current &amp; planned renewable usage &amp; to ask miners WW to do so. Potentially promising.
1396226161718349824,2021-05-22 22:07:12+00:00,16011,1882,"@flcnhvy @thatdogegirl @WhatsupFranks @TeslaGong Becoming multiplanetary is one of the greatest filters. Only now, 4.5 billion years after Earth formed, is it possible. 

How long this window to reach Mars remains open is uncertain. Perhaps a long time, perhaps not. 

In case it is the latter, we should act now."
1396049547680391168,2021-05-22 10:25:24+00:00,64830,12313,"@TheRealShifo The true battle is between fiat &amp; crypto. On balance, I support the latter."
1395552911430619144,2021-05-21 01:31:56+00:00,11999,1671,"@BTCsessions @TeslaGong @wintonARK Achieving truly decentralized finance ‚Äì power to the people ‚Äì is a noble &amp; important goal. 

Layer count depends on projected bandwidth &amp; compute, both rising rapidly, which means single layer network can carry all human transactions in future imo.

For now, Lightning is needed."
1395472799020421120,2021-05-20 20:13:36+00:00,5621,841,@TeslaGong @wintonARK Bitcoin hashing (aka mining) energy usage is starting to exceed that of medium-sized countries. Almost impossible for small hashers to succeed without those massive economies of scale.
1395469597680160768,2021-05-20 20:00:53+00:00,8757,864,"@wintonARK I agree that this *can* be done over time, but recent extreme energy usage growth could not possibly have been done so fast with renewables.

This question is easily resolved if the top 10 hashing orgs just post audited numbers of renewable energy vs not."
1395438318095986693,2021-05-20 17:56:35+00:00,51651,12157,"@heydave7 Yeah, I haven‚Äôt &amp; won‚Äôt sell any Doge"
1395437522306490371,2021-05-20 17:53:25+00:00,23622,2728,@heydave7 A longtime Tesla supporter gave me the Doge dollar sticker at Giga Berlin
1395378101111050243,2021-05-20 13:57:18+00:00,6044,469,@thatdogegirl @WhatsupFranks @TeslaGong Worth reading
1395371582143430660,2021-05-20 13:31:24+00:00,6532,1251,"@WhatsupFranks @TeslaGong Currency is already digital! Decentralized crypto is an attempt to wrest power of currency dilution (pernicious form of taxation) &amp; capital controls from governments. That said, I sure hope the cure is better than the disease!

Mars/AI are essential to passing the great filter/s."
1395367211083067399,2021-05-20 13:14:02+00:00,3788,295,@xSharknado @DogecoinRise @TeslaGong ü§£ü§£
1395367159866351618,2021-05-20 13:13:50+00:00,10666,1404,@DogecoinRise @TeslaGong Es wurde mir in deutschland gegeben
1395328697436033032,2021-05-20 10:41:00+00:00,306041,53249,How much is that Doge in the window? https://t.co/bxTkWOr50V
1394591610185216009,2021-05-18 09:52:04+00:00,10136,995,"@PPathole I worked for Peter Nicholson, who is awesome. Mostly, we exchanged math riddles, although I did figure out a multi-billion dollar arbitrage opportunity for the bank. Figured they‚Äôd at least give me $1/hour raise, but no ‚Ä¶ https://t.co/rdjDtPtPHz"
1394170030741413888,2021-05-17 05:56:52+00:00,99987,17384,"@BTC_Archive To clarify speculation, Tesla has not sold any Bitcoin"
1394014053580910595,2021-05-16 19:37:04+00:00,18031,2789,@EmperorBTC @CryptoWhale https://t.co/4OC3CEKozo
1394001894809427971,2021-05-16 18:48:45+00:00,33756,4314,@CryptoWhale Indeed
1393995872413888518,2021-05-16 18:24:49+00:00,47386,6773,"@ChainLinkGod @PeterMcCormack Hey cryptocurrency ‚Äúexperts‚Äù, ever heard of PayPal? It‚Äôs possible ‚Ä¶ maybe ‚Ä¶ that I know than you realize about how money works."
1393993975019749382,2021-05-16 18:17:17+00:00,39712,7330,"@ChainLinkGod @PeterMcCormack Bitcoin is actually highly centralized, with supermajority controlled by handful of big mining (aka hashing) companies. 

A single coal mine in Xinjiang flooded, almost killing miners, and Bitcoin hash rate dropped 35%. Sound ‚Äúdecentralized‚Äù to you?

https://t.co/Oom8yzGRNQ"
1393991411524120576,2021-05-16 18:07:06+00:00,15530,1983,"@poisonouspinups @michael_saylor He should wear outfit for Halloween, but with ‚ÄúBitcoin‚Äù tattooed high on thighs"
1393979913624072194,2021-05-16 17:21:24+00:00,82980,16343,@PeterMcCormack Obnoxious threads like this make me want to go all in on Doge
1393749019478970368,2021-05-16 02:03:55+00:00,23368,4206,@long_elon @itsALLrisky Only if Doge can‚Äôt do it. Big pain in the neck to create another one.
1393738154889338884,2021-05-16 01:20:45+00:00,55357,13675,"@itsALLrisky Ideally, Doge speeds up block time 10X, increases block size 10X &amp; drops fee 100X. Then it wins hands down."
1392974251011895300,2021-05-13 22:45:16+00:00,539995,83610,Working with Doge devs to improve system transaction efficiency. Potentially promising.
1392950720979030019,2021-05-13 21:11:46+00:00,365394,34345,"To be clear, I strongly believe in crypto, but it can‚Äôt drive a massive increase in fossil fuel use, especially coal"
1392602041025843203,2021-05-12 22:06:14+00:00,497041,75038,Tesla &amp; Bitcoin https://t.co/YSswJmVZhP
1392030108274159619,2021-05-11 08:13:35+00:00,396581,96421,Do you want Tesla to accept Doge?
1391523807148527620,2021-05-09 22:41:43+00:00,532156,113778,"SpaceX launching satellite Doge-1 to the moon next year

‚Äì Mission paid for in Doge
‚Äì 1st crypto in space
‚Äì 1st meme in space

To the mooooonnn!!

https://t.co/xXfjGZVeUW"
1390522866979033092,2021-05-07 04:24:20+00:00,220713,37512,"Cryptocurrency is promising, but please invest with caution! https://t.co/A4kplcP8Vq"
1388612033160126469,2021-05-01 21:51:22+00:00,31035,3435,@gshenanigans1 Definitely
1387290679794089986,2021-04-28 06:20:47+00:00,451837,75726,"The Dogefather
SNL May 8"
1387158189985173505,2021-04-27 21:34:19+00:00,39867,2762,@DocumentingBTC Yes
1386821144037236737,2021-04-26 23:15:01+00:00,96317,12502,"@stoolpresidente No, you do not. I have not sold any of my Bitcoin. Tesla sold 10% of its holdings essentially to prove liquidity of Bitcoin as an alternative to holding cash on balance sheet."
1385880018417557506,2021-04-24 08:55:19+00:00,269651,14492,define ‚Ä¶ beauty
1382803612829581317,2021-04-15 21:10:47+00:00,39504,3389,@sadiaslayy @DogecoinBets üòÆ
1382552587099062272,2021-04-15 04:33:18+00:00,327645,48439,Doge Barking at the Moon https://t.co/QFB81D7zOL
1382551451185131522,2021-04-15 04:28:47+00:00,21120,2577,@WSBChairman Doge Barking at the Moon ‚Äì Miro https://t.co/1vTM2XOusy
1382461904128339968,2021-04-14 22:32:57+00:00,2519,168,@AstroJordy @dogeofficialceo @F9Block5 Insanely cute!
1382458594352713728,2021-04-14 22:19:48+00:00,1675,251,@dogeofficialceo @F9Block5 ü§£ü§£
1380788934905503744,2021-04-10 07:45:10+00:00,82425,3342,The Starship launch tower that catches the giant rocket booster is basically Mechazilla
1380773639038111751,2021-04-10 06:44:23+00:00,4039,94,@memescryptor !
1380260488299180035,2021-04-08 20:45:19+00:00,4126,457,@dogeofficialceo @WatchersTank @SpaceX Looking at pups soon!
1378139804647313411,2021-04-03 00:18:28+00:00,8188,916,"@TrungTPhan Had no money to invest in Zip2, but my founder equity yielded ~$15M after tax. Of that, I rolled ~$10M into PayPal, which yielded ~$180M, then ‚Ä¶ 

Basic principle is that I would not ask investors to risk money on my company if I would not also do so."
1377567762919292938,2021-04-01 10:25:23+00:00,533169,51346,SpaceX is going to put a literal Dogecoin on the literal moon
1375031060753346564,2021-03-25 10:25:26+00:00,171726,16478,Don‚Äôt defy DeFi
1374987902120206337,2021-03-25 07:33:56+00:00,7796,230,@dogecoinww @MattWallace888 @CorinnaKopf You raise a good point haha
1374619672973221892,2021-03-24 07:10:43+00:00,138045,8836,Pay by Bitcoin capability available outside US later this year
1374619379929772034,2021-03-24 07:09:34+00:00,175065,19410,"Tesla is using only internal &amp; open source software &amp; operates Bitcoin nodes directly.

Bitcoin paid to Tesla will be retained as Bitcoin, not converted to fiat currency."
1374617643446063105,2021-03-24 07:02:40+00:00,874529,109609,You can now buy a Tesla with Bitcoin
1374605270706360323,2021-03-24 06:13:30+00:00,17810,1706,@bindureddy You can basically learn anything on YouTube/Reddit
1374163576747884544,2021-03-23 00:58:22+00:00,7094,416,"@arstechnica @SciGuySpace They are aiming too low. 

Only rockets that are fully &amp; rapidly reusable will be competitive. 

Everything else will seem like a cloth biplane in the age of jets."
1372658385896738817,2021-03-18 21:17:16+00:00,48095,3412,@lexfridman Sometimes it‚Äôs about Doge
1371600053039722500,2021-03-15 23:11:50+00:00,78049,4870,@beeple 420M Doge
1371549960030842893,2021-03-15 19:52:47+00:00,240801,29810,I‚Äôm selling this song about NFTs as an NFT https://t.co/B4EZLlesPx
1370885153262817283,2021-03-13 23:51:05+00:00,239467,18554,"Why are you so dogematic, they ask"
1370883943143251968,2021-03-13 23:46:16+00:00,74832,7560,"Origin of Doge Day Afternoon:
The ancient Romans sacrificed a Dogecoin at the beginning of the Doge Days to appease the rage of Sirius, believing that the star was the cause of the hot, sultry weather."
1370882536101056523,2021-03-13 23:40:41+00:00,171206,18045,Doge day afternoon
1370449655855788044,2021-03-12 19:00:34+00:00,100532,4100,Both do mining &amp; use blocks &amp; chains
1370449101402353669,2021-03-12 18:58:22+00:00,238006,16895,"BTC (Bitcoin) is an anagram of
TBC(The Boring Company)
What a coincidence!"
1368058884837928970,2021-03-06 04:40:30+00:00,398718,37085,Doge spelled backwards is Egod
1366857632372256770,2021-03-02 21:07:09+00:00,15645,1573,"@WootiezTV Very much so &amp; its leader shall be The Doge 
https://t.co/VXmuW5c0y9"
1366808202701012995,2021-03-02 17:50:44+00:00,192179,15841,Scammers &amp; crypto should get a room
1366668744748007425,2021-03-02 08:36:34+00:00,14734,2176,@draecomino 2022: Dogecoin is dumb
1366477626429169666,2021-03-01 19:57:08+00:00,277525,25796,Doge meme shield (legendary item) https://t.co/CeomU9q84c
1363601164344823810,2021-02-21 21:27:06+00:00,317934,31532,Dojo 4 Doge
1363272961684201472,2021-02-20 23:42:57+00:00,149636,22979,Cryptocurrency explained https://t.co/kUXaXx8a1R
1363230177002622976,2021-02-20 20:52:56+00:00,266864,20039,Heard a rumor some crypto coin was pegging the dollar ü§£ü§£
1363067491673468932,2021-02-20 10:06:29+00:00,8803,722,"@PPathole @dogecoin Just some used Antminer L3+ rigs bought off eBay. Not really economic, but it was a fun family project."
1363046350900785156,2021-02-20 08:42:28+00:00,54417,6548,@dogecoin I just set up some little Doge mining rigs with my kids. It was fun.
1363021091086561285,2021-02-20 07:02:06+00:00,18711,1888,"@PeterSchiff That said, BTC &amp; ETH do seem high lol"
1363007438455074825,2021-02-20 06:07:51+00:00,82897,9890,"@PeterSchiff An email saying you have gold is not the same as having gold. You might as well have crypto.

Money is just data that allows us to avoid the inconvenience of barter.

That data, like all data, is subject to latency &amp; error. The system will evolve to that which minimizes both."
1362618106984693762,2021-02-19 04:20:47+00:00,8489,1015,"@realfuckingnews @business Somehow, a hash text file using ancient crypto can be exchanged for real goods &amp; services!? Amazing."
1362600676174557186,2021-02-19 03:11:31+00:00,34131,5930,"@business To be clear, I am *not* an investor, I am an engineer. I don‚Äôt even own any publicly traded stock besides Tesla. 

However, when fiat currency has negative real interest, only a fool wouldn‚Äôt look elsewhere. 

Bitcoin is almost as bs as fiat money. The key word is ‚Äúalmost‚Äù."
1362598034866118658,2021-02-19 03:01:02+00:00,26815,3281,"@business Tesla‚Äôs action is not directly reflective of my opinion. Having some Bitcoin, which is simply a less dumb form of liquidity than cash, is adventurous enough for an S&amp;P500 company."
1361709250561642498,2021-02-16 16:09:19+00:00,25122,2908,@cz_binance @MansourShahrokh There will definitely be a MarsCoin!
1361096223428653056,2021-02-14 23:33:22+00:00,5856,699,@RationalEtienne An acceptable percentage. Doge is much more concentrated.
1361094185412100096,2021-02-14 23:25:16+00:00,321503,33450,"If major Dogecoin holders sell most of their coins, it will get my full support. Too much concentration is the only real issue imo."
1360407144835649536,2021-02-13 01:55:13+00:00,9767,1589,"@PPathole @dixonspace @Kristennetten @CathieDWood Yup. Banks are basically balkanized, heterogeneous databases with high latency &amp; weak security, especially ACH transfers &amp; credit cards."
1360007611781795840,2021-02-11 23:27:37+00:00,28324,8394,@gtera27 Doge is underestimated
1359791422711492608,2021-02-11 09:08:33+00:00,241658,29323,"Frodo was the underdoge,
All thought he would fail,
Himself most of all. https://t.co/zGxJFDzzrM"
1359669333350252545,2021-02-11 01:03:25+00:00,5640,346,@flcnhvy @anonyx10 Indeed! Tweets definitely do not represent real-world time allocation.
1359519541219500033,2021-02-10 15:08:11+00:00,533969,56734,"Bought some Dogecoin for lil X, so he can be a toddler hodler"
1359517638653857794,2021-02-10 15:00:38+00:00,2184,96,"@JoshManMode He definitely has issues, but the sentencing seems a bit high"
1359426271906852866,2021-02-10 08:57:34+00:00,5041,217,@freewalletorg Thanks for fixing
1359409599972007936,2021-02-10 07:51:19+00:00,20226,891,@freewalletorg Please unlock my account
1359400199521783809,2021-02-10 07:13:58+00:00,28566,4542,@freewalletorg Any crypto wallet that won‚Äôt give you your private keys should be avoided at all costs
1359390452772966404,2021-02-10 06:35:14+00:00,23814,1786,@freewalletorg Your app sucks
1358931075880284164,2021-02-09 00:09:50+00:00,3208,167,@CryptoShrikar @CoinDesk @Tesla @Dan_Z_Palmer ü§£ü§£
1358648653573992450,2021-02-08 05:27:36+00:00,15099,3407,"@itsALLrisky Doge appears to be inflationary, but is not meaningfully so (fixed # of coins per unit time), whereas BTC is arguably deflationary to a fault.

Transaction speed of Doge should ideally be a few orders of magnitude faster."
1358542364948668418,2021-02-07 22:25:14+00:00,766086,109680,üé∂ Who let the Doge out üé∂
1358300669178826752,2021-02-07 06:24:50+00:00,22324,3600,@itsALLrisky It‚Äôs the most fun crypto!
1358243215644581888,2021-02-07 02:36:32+00:00,7445,669,@Jbuttermost @Dogecoinrich ü§£ü§£
1358240143459577859,2021-02-07 02:24:19+00:00,59096,2968,@Dogecoinrich ü§£ü§£
1357972904663687173,2021-02-06 08:42:25+00:00,9452,1337,@Grimezsz Dogecake
1357244295091208193,2021-02-04 08:27:10+00:00,752896,108874,"No highs, no lows, only Doge"
1357241340313141249,2021-02-04 08:15:26+00:00,539529,99541,Dogecoin is the people‚Äôs crypto
1357231313376456708,2021-02-04 07:35:35+00:00,253918,43765,Doge
1354920578482888707,2021-01-28 22:33:33+00:00,28419,3000,@DocumentingBTC The dollar is shorting itself
1347858350717816832,2021-01-09 10:50:47+00:00,2627,124,"@PPathole @engineers_feed Yes, that would be the best way to do it. A large solar field or reactor is needed for power, and then some ice mining droids or long maneuvering drills are needed for the H2O. These are probably the trickier bits."
1343094437149229056,2020-12-27 07:20:41+00:00,1479,91,"@GUNMTLM3 @lexfridman No, but definitely this year"
1342603380095557633,2020-12-25 22:49:24+00:00,6799,131,@stevewoz Definitely
1340590280848908288,2020-12-20 09:30:04+00:00,215911,25019,One word: Doge
1340588909974200321,2020-12-20 09:24:37+00:00,135587,9646,Bitcoin is almost as bs as fiat money
1340573003579617280,2020-12-20 08:21:25+00:00,231844,18988,Bitcoin is my safe word
